Name,Country,City,Item 1 Cost,Item 2 Cost,Item 3 Cost,Lat Lng,Text
Dominic English,"Dec 28, 2023",7:03 AM,2,3,3,"85.7277135872, 101.7198369792",egestas. Aliquam nec enim. Nunc
Jocelyn Villarreal,"Aug 1, 2023",7:51 PM,9,5,7,"62.8774593536, -152.7263755264",Curabitur dictum. Phasellus in felis.
Guinevere Wynn,"Jan 6, 2023",2:02 PM,1,2,7,"-52.7344432128, 64.3580158976","ornare, lectus ante dictum mi,"
Alexander Ramos,"Nov 19, 2023",12:12 AM,7,9,5,"68.6334992384, 83.9410893824",vitae dolor. Donec fringilla. Donec
Daryl Kane,"Mar 1, 2024",8:50 PM,4,9,9,"-89.0586281984, -139.2981598208",nec urna et arcu imperdiet
Jolie Wilder,"Sep 25, 2022",5:40 AM,8,6,9,"52.2602433536, 16.2947714048",sapien. Nunc pulvinar arcu et
Renee Roman,"Feb 16, 2023",4:13 AM,8,4,8,"68.6132560896, -118.1444622336",luctus lobortis. Class aptent taciti
Thor Stout,"Jan 12, 2023",3:23 PM,7,4,0,"51.5515942912, -138.6635026432",Sed eget lacus. Mauris non
Knox Garcia,"Feb 10, 2023",8:19 AM,4,7,0,"35.5743526912, 1.5244265472",sit amet nulla. Donec non
Brielle Riggs,"May 18, 2024",10:12 PM,1,3,9,"55.8074912768, 169.3109505024",tempus risus. Donec egestas. Duis
Claire Wooten,"Oct 7, 2022",6:02 PM,0,4,9,"20.9928999936, 106.3455173632",metus. Aliquam erat volutpat. Nulla
Deirdre Bernard,"Apr 26, 2023",5:26 AM,1,5,7,"85.0266054656, -171.1097032704",hendrerit. Donec porttitor tellus non
Zia Palmer,"May 10, 2023",5:48 AM,9,5,3,"-83.4598564864, -153.5128914944",eu dui. Cum sociis natoque
Christian Grant,"Aug 29, 2024",12:46 PM,8,1,1,"68.4290204672, -106.4402494464","montes, nascetur ridiculus mus. Proin"
Gage Lawson,"May 7, 2023",4:51 AM,7,10,0,"59.5640997888, 105.917036544","risus a ultricies adipiscing, enim"
Cade Roberts,"Apr 25, 2023",10:33 AM,3,7,7,"-53.5430341632, 42.4341049344","non, luctus sit amet, faucibus"
Dawn Hill,"Jun 24, 2023",1:40 PM,7,4,8,"28.5665841152, 81.5559054336",ultrices. Duis volutpat nunc sit
Gray Love,"Jun 18, 2024",2:19 PM,2,4,7,"-19.9302109184, -50.2684732416","sit amet, consectetuer adipiscing elit."
Mark Moody,"Oct 3, 2023",7:56 PM,6,9,4,"-57.4332514304, -81.2733200384",egestas. Aliquam fringilla cursus purus.
Bruno Mercado,"Dec 22, 2023",8:35 PM,3,9,4,"18.7676430336, 169.5059533824",eu metus. In lorem. Donec
Camilla Travis,"Jan 10, 2024",8:02 PM,6,7,7,"77.1354648576, -179.9186804736","pede sagittis augue, eu tempor"
Chastity Alvarado,"Sep 8, 2022",1:04 PM,4,9,10,"66.1125318656, -89.046833664","laoreet posuere, enim nisl elementum"
Tatum Boone,"Aug 29, 2024",4:25 PM,2,0,5,"15.5602610176, 59.7020234752",tellus lorem eu metus. In
Darrel George,"Jan 27, 2024",3:30 AM,6,2,4,"55.7699362816, -160.6546813952",porttitor tellus non magna. Nam
Samson Leach,"Feb 18, 2024",9:07 PM,7,3,1,"16.593473024, -176.9708537856","dolor dapibus gravida. Aliquam tincidunt,"
Giselle Holden,"Jan 7, 2024",12:25 AM,5,8,3,"-0.6110251008, -84.078733312",porttitor scelerisque neque. Nullam nisl.
Ferris Levine,"Feb 27, 2024",5:09 AM,7,6,4,"-59.5485320192, -49.2511755264",sit amet metus. Aliquam erat
Janna Moreno,"Nov 18, 2023",1:12 PM,5,2,10,"-19.174825472, 70.2899089408",risus. Nulla eget metus eu
Abraham Sandoval,"Aug 10, 2024",9:54 AM,2,9,4,"75.8951025664, 91.9807515648","sed dui. Fusce aliquam, enim"
Adele Medina,"Apr 4, 2024",7:54 AM,9,2,4,"-55.0209062912, 31.1672805376",eget tincidunt dui augue eu
Martena Francis,"Dec 12, 2023",2:52 AM,9,5,1,"-31.9491933184, -151.3405410304","orci, consectetuer euismod est arcu"
Rajah Gates,"Dec 11, 2022",5:04 AM,3,4,2,"77.6825314304, 155.6654268416","nec, eleifend non, dapibus rutrum,"
Tate Benton,"Jun 25, 2023",1:44 PM,1,8,8,"24.2216838144, -50.1647537152",luctus. Curabitur egestas nunc sed
Vaughan Tanner,"Oct 7, 2022",5:20 PM,4,2,9,"-89.048101376, -132.143328256","vestibulum lorem, sit amet ultricies"
Emerald Leon,"Jun 22, 2024",3:07 AM,5,2,5,"33.488995328, 142.2527215616",Aliquam rutrum lorem ac risus.
George Garrett,"Nov 23, 2022",2:13 AM,1,2,8,"-16.6901814272, -126.8307547136",eu enim. Etiam imperdiet dictum
Darryl Miranda,"Mar 6, 2024",10:59 AM,3,8,5,"74.728019456, 113.223492096","elit. Etiam laoreet, libero et"
Sydnee Warner,"Aug 7, 2024",5:52 AM,1,1,10,"-81.7246055424, 114.795900928","tellus faucibus leo, in lobortis"
Dolan Britt,"Apr 9, 2024",11:35 AM,8,2,3,"-77.6648940544, -132.9382095872","amet, consectetuer adipiscing elit. Curabitur"
Ursa Yates,"Jan 17, 2024",5:01 AM,10,8,10,"38.0947026944, -51.8936245248",convallis dolor. Quisque tincidunt pede
Gannon Knight,"May 1, 2024",10:52 AM,3,3,2,"46.066386944, -1.7196192768",interdum ligula eu enim. Etiam
Jin Holt,"Jun 30, 2024",12:41 PM,6,5,3,"0.9708634112, 174.5992807424",in faucibus orci luctus et
Gavin Guy,"Jan 29, 2023",2:34 PM,5,4,2,"77.6973084672, -156.8098113536",mus. Proin vel nisl. Quisque
Mufutau Olson,"Dec 7, 2023",5:43 PM,8,5,1,"-69.9173856256, -93.0693718016",Nulla facilisis. Suspendisse commodo tincidunt
Ryan O'Neill,"Jun 25, 2024",5:58 AM,7,5,3,"73.9978272768, -125.6581549056",accumsan neque et nunc. Quisque
Preston Guerra,"May 5, 2023",1:44 AM,7,4,8,"86.7573018624, 173.0139790336","lectus quis massa. Mauris vestibulum,"
Yuri Padilla,"Jun 3, 2023",10:23 PM,6,6,7,"33.1795170304, 18.0844092416",natoque penatibus et magnis dis
Aimee Jones,"Sep 8, 2022",11:55 PM,5,3,0,"-10.6547621888, -91.9696267264","sapien, gravida non, sollicitudin a,"
Idola Haley,"Jul 28, 2024",1:44 AM,3,9,4,"72.3503132672, -168.2397370368","nonummy ut, molestie in, tempus"
Emerson Barrera,"Nov 23, 2022",12:33 AM,8,4,4,"-63.8491401216, -132.2850731008","at, velit. Cras lorem lorem,"
Gregory Carrillo,"Sep 15, 2022",11:41 AM,9,7,7,"-35.4278180864, -76.11894784",gravida molestie arcu. Sed eu
Tyrone Watson,"May 1, 2023",1:32 PM,2,9,3,"88.9620062208, 85.2909097984","ornare, elit elit fermentum risus,"
Malcolm Johns,"Aug 5, 2023",3:41 AM,7,4,6,"39.6789901312, -89.626507776",Vestibulum ante ipsum primis in
Brian Horton,"Aug 7, 2024",6:31 AM,3,1,3,"14.0793668608, -69.8679501824",in consectetuer ipsum nunc id
Kirby Watts,"Apr 27, 2024",11:55 PM,5,8,1,"55.1979862016, -98.3840335872",sapien imperdiet ornare. In faucibus.
Nina Stephens,"Aug 5, 2023",6:37 PM,1,6,3,"49.1250062336, 152.45040128",non nisi. Aenean eget metus.
Beau Conway,"Aug 31, 2023",11:54 AM,9,4,1,"55.2082634752, 60.0555480064","ut cursus luctus, ipsum leo"
Leigh Castro,"Feb 18, 2023",7:54 PM,4,1,5,"30.6578848768, 68.0219283456",sem magna nec quam. Curabitur
Trevor Taylor,"Aug 18, 2023",11:48 AM,4,4,4,"-84.9788325888, 13.6058105856","lacinia. Sed congue, elit sed"
Russell Dyer,"Apr 21, 2024",12:06 PM,3,1,2,"-63.781970432, 167.7468895232",commodo hendrerit. Donec porttitor tellus
Dane Parrish,"Oct 2, 2023",7:48 PM,3,9,2,"-73.7002138624, 173.0355137536","felis eget varius ultrices, mauris"
Kelly Mccray,"May 10, 2024",7:51 AM,4,4,7,"42.288631808, 27.2319627264","vitae, orci. Phasellus dapibus quam"
Walker Solis,"Jan 3, 2024",11:57 AM,9,5,6,"29.3574935552, 111.4699911168","In lorem. Donec elementum, lorem"
Erica Byrd,"Nov 17, 2023",9:48 AM,9,3,4,"5.1725627392, 99.3744581632","vulputate eu, odio. Phasellus at"
Shoshana Sanders,"May 3, 2024",1:05 PM,4,10,2,"-63.5104362496, -147.5934101504",mauris erat eget ipsum. Suspendisse
Nell Bond,"Jul 22, 2024",1:01 AM,8,9,4,"-3.9328797696, -168.9243772928",amet nulla. Donec non justo.
Vernon Olsen,"Nov 25, 2022",1:36 AM,5,3,1,"-83.5677458432, 75.1356592128","dolor sit amet, consectetuer adipiscing"
Brenna Barry,"Jan 31, 2024",3:43 PM,10,7,8,"-16.579966976, -25.7122444288","ut, molestie in, tempus eu,"
Myles Bauer,"Nov 8, 2022",3:51 AM,4,7,5,"21.412527104, -117.9798726656","vulputate eu, odio. Phasellus at"
Dustin Mccall,"Jul 20, 2023",6:03 PM,9,4,3,"22.898111488, 86.4794364928",nibh. Quisque nonummy ipsum non
Caldwell Knapp,"Jun 27, 2024",12:28 AM,9,1,5,"52.1119343616, -147.4242106368",Cras pellentesque. Sed dictum. Proin
Amir Holder,"Jun 4, 2023",6:09 PM,7,8,0,"88.8908281856, 179.285974016",et ultrices posuere cubilia Curae
Hamish Martin,"May 3, 2024",8:17 PM,7,7,6,"-61.3948060672, -119.2441662464",egestas hendrerit neque. In ornare
Lara Butler,"Apr 3, 2024",1:17 AM,10,5,1,"30.8012737536, -169.8352257024","diam nunc, ullamcorper eu, euismod"
Lani Fischer,"Feb 9, 2023",10:06 PM,6,7,0,"-86.718482432, 54.233468928",ligula eu enim. Etiam imperdiet
Leonard Goodwin,"Sep 28, 2022",10:15 AM,3,1,7,"69.4342380544, 56.7530144768","mattis semper, dui lectus rutrum"
Jayme Greer,"Jan 25, 2023",3:07 AM,3,1,7,"53.8229177344, 36.4149797888",urna. Nullam lobortis quam a
Maisie Hewitt,"Jan 27, 2024",2:36 PM,7,10,4,"-77.1189919744, 174.9370842112","ipsum dolor sit amet, consectetuer"
Imelda Glenn,"May 4, 2024",5:13 AM,0,2,1,"3.952910336, -162.5969611776","ac, eleifend vitae, erat. Vivamus"
Lani Lang,"Jun 24, 2023",3:55 AM,4,4,5,"-0.3497715712, -86.562661888",Vivamus molestie dapibus ligula. Aliquam
Bernard Herring,"Apr 12, 2023",1:00 PM,4,8,7,"-50.9986313216, 39.5804316672",odio. Phasellus at augue id
Donovan Kerr,"Sep 23, 2023",10:09 AM,6,5,8,"-83.6526470144, -58.6744073216",nulla. In tincidunt congue turpis.
Otto Poole,"Feb 29, 2024",9:20 PM,2,8,5,"-18.3122031616, 105.3347422208",Sed et libero. Proin mi.
Raphael Prince,"Sep 10, 2023",8:07 PM,6,10,1,"62.1671677952, -61.2078683136",erat vitae risus. Duis a
Baxter O'donnell,"Aug 3, 2024",11:55 AM,2,7,9,"-14.8874264576, 136.1469806592",id enim. Curabitur massa. Vestibulum
Griffith Haynes,"Dec 3, 2023",3:41 AM,6,8,6,"-79.5723475968, -8.5802095616",Proin sed turpis nec mauris
Brent Small,"May 8, 2023",11:04 PM,2,9,8,"19.2315307008, -87.4178432","vulputate, posuere vulputate, lacus. Cras"
Eliana Franco,"Oct 21, 2023",2:21 AM,0,1,3,"64.0285489152, -95.2542848","id, libero. Donec consectetuer mauris"
Myles Richardson,"May 23, 2023",5:39 AM,2,2,8,"51.7967404032, 127.9283093504",nec quam. Curabitur vel lectus.
Theodore Preston,"Feb 20, 2023",11:33 AM,9,0,3,"-22.1653224448, -57.9230129152",elit erat vitae risus. Duis
Kirsten Grant,"Apr 14, 2023",4:20 AM,3,6,8,"-70.116595712, 87.992535552",sit amet diam eu dolor
Zenaida Flynn,"Aug 13, 2023",9:13 PM,4,7,6,"54.3016228864, 90.664700928",nec quam. Curabitur vel lectus.
Philip Harrington,"Nov 5, 2022",10:49 AM,9,3,5,"73.8335709184, -20.598651392",vel quam dignissim pharetra. Nam
Nelle Best,"Mar 31, 2024",12:40 PM,1,4,10,"-26.468729344, -161.9748366336",sagittis lobortis mauris. Suspendisse aliquet
Briar Forbes,"Aug 26, 2024",8:13 AM,8,7,1,"1.2332681216, 72.882923008",tincidunt vehicula risus. Nulla eget
Geoffrey Webster,"Mar 10, 2024",12:51 PM,9,6,6,"16.4899197952, 90.3109643264",tincidunt aliquam arcu. Aliquam ultrices
Leah Park,"Mar 16, 2024",11:01 AM,1,7,2,"-51.3044714496, -20.2949709824",Quisque varius. Nam porttitor scelerisque
Aiko Lane,"Jun 26, 2023",2:24 AM,2,4,4,"27.2738656256, -86.5021964288",congue turpis. In condimentum. Donec
Magee Bennett,"Dec 19, 2023",4:26 PM,5,1,10,"64.028867584, -114.0508843008",luctus aliquet odio. Etiam ligula
Patrick Foley,"Jan 21, 2024",7:02 AM,6,4,3,"59.3888777216, 154.5143051264","eu, ultrices sit amet, risus."
Nehru Fox,"Oct 31, 2023",9:50 AM,5,4,0,"29.2155009024, 172.0409598976",egestas. Duis ac arcu. Nunc
Dylan Marshall,"Jul 11, 2023",6:09 PM,3,10,8,"-36.1861203968, 154.8793616384","Nunc ullamcorper, velit in aliquet"
Igor Serrano,"Nov 16, 2022",9:02 AM,5,2,3,"-53.8173799424, -170.350505472",fringilla. Donec feugiat metus sit
Mary Boyer,"Apr 23, 2023",10:45 PM,10,6,5,"1.6857376768, -178.740644864","parturient montes, nascetur ridiculus mus."
Kadeem Salinas,"Oct 21, 2023",6:05 AM,3,7,8,"-12.4369463296, 5.7754133504","sed, hendrerit a, arcu. Sed"
Kaseem Bright,"Jul 20, 2023",1:52 AM,9,5,9,"56.0264665088, 151.4516185088",molestie sodales. Mauris blandit enim
Ingrid Sandoval,"Sep 27, 2022",10:17 PM,9,4,5,"32.5622803456, -124.2800249856","sed, hendrerit a, arcu. Sed"
Zachery Mcleod,"Aug 7, 2023",9:33 AM,8,4,5,"39.2362897408, 168.7507795968",Aliquam vulputate ullamcorper magna. Sed
Rashad Terry,"Jan 16, 2024",10:59 PM,3,8,0,"19.2301367296, 83.0808400896","eget, ipsum. Donec sollicitudin adipiscing"
August Barr,"Aug 19, 2024",10:05 PM,6,9,9,"-33.3464999936, -106.7210005504",faucibus orci luctus et ultrices
Tanya Giles,"Oct 14, 2023",6:33 AM,2,5,0,"-38.8270558208, -66.0195460096",eu metus. In lorem. Donec
Cameran Faulkner,"Jan 24, 2024",3:28 AM,4,7,2,"-71.4516737024, 44.9879711744","elementum sem, vitae aliquam eros"
Darryl Roberson,"Apr 30, 2023",11:15 PM,6,8,9,"65.1576215552, -160.7740157952",imperdiet ullamcorper. Duis at lacus.
Rinah Hewitt,"Apr 27, 2023",1:27 PM,1,10,7,"80.8323803136, -49.6704352256","congue, elit sed consequat auctor,"
Susan Little,"Mar 12, 2024",9:50 PM,7,7,1,"-22.5678874624, -163.802469376",nisi dictum augue malesuada malesuada.
Chastity Cook,"May 11, 2024",10:40 PM,5,2,2,"68.5714571264, 9.2347194368","egestas a, scelerisque sed, sapien."
Glenna Holden,"Jun 7, 2024",10:32 AM,5,10,2,"-72.7647993856, -132.13174016",lobortis. Class aptent taciti sociosqu
Lucas Flores,"Nov 15, 2023",4:27 PM,0,4,5,"-1.5066661888, -165.5027791872","imperdiet, erat nonummy ultricies ornare,"
Jerry Summers,"Oct 26, 2022",8:46 PM,8,10,10,"-31.2553650176, 166.0623864832",odio semper cursus. Integer mollis.
Jescie Velez,"Sep 28, 2022",3:07 AM,8,2,4,"-45.9513268224, -95.3375502336","parturient montes, nascetur ridiculus mus."
Kylynn Sweet,"Mar 1, 2024",11:13 PM,4,8,8,"84.697564672, 64.5806155776","Sed diam lorem, auctor quis,"
Orli Boyer,"Jan 30, 2023",2:58 AM,6,7,1,"43.6152666112, 57.3282077696",netus et malesuada fames ac
Zia Simon,"Feb 29, 2024",7:32 AM,0,1,3,"68.4504174592, -118.5753259008",convallis dolor. Quisque tincidunt pede
Kiara Stone,"Apr 12, 2023",10:41 PM,1,6,9,"65.0847107072, -55.0018789376",et libero. Proin mi. Aliquam
Reuben Gilliam,"Mar 31, 2024",12:43 PM,1,6,0,"63.5916505088, 116.368631808",euismod enim. Etiam gravida molestie
Derek Leon,"Jul 14, 2024",6:18 AM,4,10,6,"42.8386190336, 91.6776091648","Lorem ipsum dolor sit amet,"
Rhea Sharp,"Sep 1, 2023",11:19 PM,8,7,0,"19.7900832768, -10.9822580736",tincidunt aliquam arcu. Aliquam ultrices
Macy Herman,"Apr 21, 2024",9:23 PM,9,8,6,"-57.0021994496, 1.6232877056","mi pede, nonummy ut, molestie"
Guy Stewart,"Mar 17, 2023",6:38 PM,10,8,5,"-26.0641872896, 17.8479014912","risus, at fringilla purus mauris"
Garrison Colon,"Feb 29, 2024",9:49 AM,5,0,4,"86.7066658816, -109.6481666048",Phasellus fermentum convallis ligula. Donec
Rhea Drake,"Aug 23, 2024",12:39 PM,6,2,6,"38.3797525504, 175.3384966144",bibendum fermentum metus. Aenean sed
Zachary Cardenas,"Sep 18, 2022",12:41 PM,3,7,2,"-42.5274400768, 74.4390551552","cursus. Nunc mauris elit, dictum"
Margaret Burris,"Oct 27, 2022",4:41 PM,6,9,9,"6.9204557824, -64.3201009664",metus vitae velit egestas lacinia.
Wang Nielsen,"Apr 22, 2024",12:16 AM,1,1,1,"30.9285682176, 176.7169788928",mauris. Morbi non sapien molestie
Leonard Norton,"Jul 7, 2023",2:44 PM,0,2,1,"14.1671385088, 7.5154658304",bibendum fermentum metus. Aenean sed
Gillian Holden,"Dec 13, 2022",3:32 AM,1,7,0,"-11.6766575616, 134.2129584128",blandit congue. In scelerisque scelerisque
Alfonso Le,"Apr 8, 2023",11:07 PM,10,10,3,"19.7676281856, -33.8532004864","diam nunc, ullamcorper eu, euismod"
Amethyst Sanders,"Jul 17, 2023",8:40 PM,4,4,6,"-81.7279811584, -34.584382464","Phasellus libero mauris, aliquam eu,"
Rebecca Giles,"Mar 31, 2023",7:09 PM,8,3,7,"-19.4406439936, -57.3524499456","felis eget varius ultrices, mauris"
Kristen Foley,"Feb 11, 2024",6:48 PM,1,2,8,"42.6948217856, -60.6823103488","at, iaculis quis, pede. Praesent"
Dean Rodriquez,"Apr 1, 2023",3:48 PM,7,7,10,"-1.9514386432, -8.8543140864",urna. Ut tincidunt vehicula risus.
Odessa Golden,"Jan 23, 2024",10:22 PM,9,7,3,"28.13978368, 72.049174528",metus. Aenean sed pede nec
Mannix O'Neill,"Sep 29, 2022",11:06 PM,3,6,9,"81.6128121856, 72.2978489344","Fusce aliquam, enim nec tempus"
Garrett Boyd,"Nov 24, 2023",9:29 AM,4,10,6,"7.1963232256, 114.0413029376","eu lacus. Quisque imperdiet, erat"
Kenneth Barlow,"Feb 14, 2023",1:39 PM,7,4,9,"-32.3119675392, 14.44841728","in magna. Phasellus dolor elit,"
Jacob Justice,"Jun 8, 2023",9:26 PM,8,3,9,"87.8137608192, 152.445496832","Nam ligula elit, pretium et,"
Marah Rush,"Dec 3, 2023",4:44 AM,4,8,9,"-32.148470784, 130.2509514752",dolor. Fusce feugiat. Lorem ipsum
Andrew Benton,"Oct 20, 2023",4:39 AM,2,0,3,"-55.208914432, 83.5686204416","lacinia at, iaculis quis, pede."
Demetrius Mcintosh,"Aug 30, 2024",9:39 AM,3,9,3,"72.1078747136, -120.5792128",in consectetuer ipsum nunc id
Abel Marshall,"Mar 27, 2023",9:12 AM,5,8,8,"53.5157407744, 31.4770658304",arcu. Nunc mauris. Morbi non
Denise Reeves,"Mar 23, 2023",1:33 AM,0,4,5,"13.9418139648, -75.5018944512","Aliquam tincidunt, nunc ac mattis"
Lawrence Finley,"Jun 2, 2024",6:50 AM,8,3,3,"14.6464152576, 50.2374345728",et netus et malesuada fames
Sade Delaney,"Dec 2, 2022",6:29 PM,7,1,5,"43.4370074624, 178.9865609216",Morbi accumsan laoreet ipsum. Curabitur
Flavia Branch,"Jan 8, 2024",9:20 PM,1,5,3,"85.8369979392, 138.8712948736",Pellentesque tincidunt tempus risus. Donec
Risa Burgess,"Sep 7, 2023",4:18 PM,6,5,6,"70.257079296, 118.706587136",ipsum primis in faucibus orci
Zeph Griffith,"Jun 12, 2023",8:39 PM,3,4,10,"-66.3927844864, -43.6767903744",Ut tincidunt orci quis lectus.
Justin Cote,"Feb 10, 2024",7:25 PM,1,7,5,"-41.919741952, 109.361884672","rutrum. Fusce dolor quam, elementum"
Hamish Erickson,"Aug 24, 2024",8:34 PM,8,6,5,"84.9458562048, 42.5925134336",tempus risus. Donec egestas. Duis
Amethyst Murray,"Aug 12, 2024",11:35 PM,1,5,7,"-27.0016159744, -94.125261312","ultricies adipiscing, enim mi tempor"
Hadley Garner,"Nov 26, 2022",1:08 PM,0,7,1,"-23.5202976768, -19.7316619264","lorem ut aliquam iaculis, lacus"
Kerry Hebert,"Feb 26, 2023",8:09 PM,7,1,8,"-0.4904425472, -145.5182495744","elementum purus, accumsan interdum libero"
Alfonso Maddox,"Jan 18, 2023",6:57 PM,4,1,10,"53.9927870464, 106.5700535296",a mi fringilla mi lacinia
Avram Griffith,"Dec 23, 2023",5:32 AM,9,6,8,"-45.9361958912, 81.4182513664",a felis ullamcorper viverra. Maecenas
Maile Good,"Aug 3, 2023",11:09 PM,9,2,6,"-28.9682649088, 102.9004396544",suscipit nonummy. Fusce fermentum fermentum
Constance Mckay,"Jun 30, 2024",9:05 PM,1,5,5,"-9.110080512, 46.6723890176",auctor. Mauris vel turpis. Aliquam
Blaze Harper,"May 9, 2024",1:02 AM,2,2,7,"-6.7867380736, -29.9452140544","et magnis dis parturient montes,"
Avram Brennan,"Jul 12, 2024",4:06 AM,10,5,1,"-83.3753472, 63.6258614272","hendrerit id, ante. Nunc mauris"
Maya Rosa,"Feb 9, 2023",8:31 AM,2,5,1,"38.6435917824, -150.739956736","lacus pede sagittis augue, eu"
Tatyana Dillard,"Jul 21, 2023",9:06 AM,4,5,4,"-39.9826139136, 84.407717888",aptent taciti sociosqu ad litora
Judith Merritt,"Mar 14, 2023",12:43 PM,1,7,9,"51.7245820928, -24.0213269504",elit. Nulla facilisi. Sed neque.
Hop Morales,"Mar 18, 2024",2:59 AM,0,4,0,"-38.1130843136, -61.1131619328",diam. Pellentesque habitant morbi tristique
Cassady Miles,"Mar 27, 2023",8:08 AM,3,10,6,"-7.9603769344, 176.5494086656","egestas a, dui. Cras pellentesque."
Callum Burnett,"Jun 15, 2024",11:53 AM,6,6,7,"82.4832956416, -46.5728447488","imperdiet nec, leo. Morbi neque"
TaShya Nolan,"Jul 23, 2024",12:35 AM,10,8,1,"-49.9502089216, 103.8941056",cubilia Curae Phasellus ornare. Fusce
Quin Cannon,"Dec 14, 2022",9:13 AM,5,1,8,"65.4152041472, -108.9755071488",enim. Curabitur massa. Vestibulum accumsan
Zoe Lowe,"Mar 6, 2023",10:45 AM,5,4,1,"54.5995855872, -68.0983491584",ante. Vivamus non lorem vitae
Rogan Le,"Jun 24, 2024",4:19 AM,3,9,1,"20.6050853888, -150.735958016","rutrum urna, nec luctus felis"
Chadwick Johns,"Mar 9, 2023",7:23 AM,4,4,3,"76.967410688, -46.0036491264",augue scelerisque mollis. Phasellus libero
Ezekiel Fox,"Mar 22, 2024",6:06 PM,9,1,0,"-64.9805150208, 175.3563459584","et magnis dis parturient montes,"
Juliet Herring,"Jun 14, 2024",6:40 PM,4,7,8,"-27.7634623488, -34.3412443136","eu, placerat eget, venenatis a,"
Lester Booker,"Jun 21, 2023",10:01 PM,2,2,9,"78.2244499456, 10.6718615552",Curae Donec tincidunt. Donec vitae
Basil Zimmerman,"Oct 8, 2022",3:24 AM,4,6,9,"-55.0512439296, 176.2941893632","condimentum eget, volutpat ornare, facilisis"
Patricia Nixon,"Oct 28, 2022",8:01 PM,9,2,6,"38.8910285824, 160.0401134592",libero. Donec consectetuer mauris id
Aidan Foster,"Jun 21, 2024",6:10 AM,10,9,7,"76.08019712, 149.1474699264",Quisque varius. Nam porttitor scelerisque
Jael Vance,"Nov 11, 2023",10:17 PM,7,2,5,"29.309816832, 48.7610663936",Etiam imperdiet dictum magna. Ut
Demetrius Levy,"May 25, 2023",3:54 PM,2,3,4,"-12.1345641472, -13.0766969856","aliquet vel, vulputate eu, odio."
Allegra Mccormick,"Jul 6, 2024",10:44 PM,9,4,8,"58.6823473152, 174.9265217536",sociosqu ad litora torquent per
Addison Foley,"Oct 8, 2022",12:05 AM,10,2,3,"12.0601997312, 159.2024684544","sit amet, risus. Donec nibh"
Owen Luna,"Mar 16, 2024",1:01 AM,5,4,9,"-29.6917341184, 100.776354816","risus odio, auctor vitae, aliquet"
Hasad Malone,"Oct 8, 2023",9:48 AM,10,6,2,"10.5499700224, 4.9979913216",Class aptent taciti sociosqu ad
Natalie Britt,"Sep 7, 2022",12:07 PM,1,1,7,"36.7104060416, -149.3615807488","ornare, elit elit fermentum risus,"
Kennedy Sweeney,"Mar 13, 2024",7:11 PM,6,6,2,"-34.9254633472, -128.8708253696","cursus in, hendrerit consectetuer, cursus"
Nomlanga Shaw,"May 7, 2023",8:43 PM,3,4,2,"-39.0774503424, -101.5308672",Ut semper pretium neque. Morbi
Galvin Rogers,"Aug 28, 2023",4:55 AM,1,3,10,"21.6038706176, -146.9446049792",eu sem. Pellentesque ut ipsum
Herrod Black,"Oct 28, 2023",7:15 AM,9,9,5,"-33.0926962688, 114.5240274944",interdum feugiat. Sed nec metus
Raya Fleming,"Jun 2, 2024",1:59 AM,5,3,1,"-79.5590356992, -179.4779255808","nec, eleifend non, dapibus rutrum,"
Graiden Bryan,"Jul 2, 2023",7:20 AM,8,8,1,"44.4543797248, -169.3155528704",Cras convallis convallis dolor. Quisque
Hayden Trujillo,"Sep 29, 2023",9:42 PM,3,5,4,"-82.0964842496, -115.3702414336",ut eros non enim commodo
Zeus Becker,"Apr 27, 2024",9:56 PM,7,1,0,"77.3895003136, -169.3678876672","Quisque libero lacus, varius et,"
Gray Pena,"Jun 12, 2024",2:19 PM,3,2,3,"40.6652340224, -172.9633130496","sit amet luctus vulputate, nisi"
Luke Hogan,"May 16, 2023",5:50 PM,7,9,1,"75.6178318336, -56.6271227904","eu lacus. Quisque imperdiet, erat"
Keiko Huber,"Jul 23, 2024",7:53 AM,9,2,6,"-38.1006133248, -56.5140745216",sem egestas blandit. Nam nulla
Hop Fuller,"Mar 8, 2023",1:39 PM,1,8,3,"58.0780394496, -141.1543262208",ac tellus. Suspendisse sed dolor.
Zenia Houston,"Jun 11, 2023",12:15 PM,5,10,5,"16.9148561408, 109.401601024",aliquam arcu. Aliquam ultrices iaculis
Zenaida Sherman,"Jul 30, 2024",6:04 PM,9,7,1,"30.6702077952, -118.8777259008",Integer id magna et ipsum
Benjamin Rollins,"Apr 25, 2024",6:38 AM,0,6,6,"45.1982301184, -31.9235555328",orci. Ut semper pretium neque.
Colby Kim,"Dec 30, 2022",10:11 AM,3,0,0,"37.5758943232, 19.4096654336","egestas a, dui. Cras pellentesque."
Igor Delaney,"Nov 6, 2023",6:21 PM,5,7,0,"-89.3262557184, -12.20454912","ligula tortor, dictum eu, placerat"
Hamish Everett,"Jun 4, 2023",8:52 PM,2,4,8,"40.2420484096, 61.7686151168",in faucibus orci luctus et
Echo Williams,"Sep 21, 2023",8:22 AM,3,9,9,"-26.7654045696, 93.4098894848",non arcu. Vivamus sit amet
Edan Frazier,"Feb 17, 2024",1:58 PM,5,8,3,"-57.7485182976, -136.9053441024","mi felis, adipiscing fringilla, porttitor"
Malachi Harrison,"Nov 5, 2022",7:34 PM,7,9,4,"77.8243239936, 28.252184576",ut ipsum ac mi eleifend
Ralph Petersen,"Jun 28, 2023",6:59 AM,2,4,8,"-85.2793316352, 120.0244524032","ipsum dolor sit amet, consectetuer"
Hoyt Wilkinson,"Mar 2, 2024",8:14 PM,1,1,8,"25.3075666944, -42.6674428928","semper et, lacinia vitae, sodales"
Jescie Walton,"Apr 28, 2024",10:23 PM,4,2,2,"-5.1631105024, 24.3735378944","velit eget laoreet posuere, enim"
Hasad Sloan,"Jul 31, 2024",5:05 AM,5,5,0,"-3.1022542848, -60.0817435648",Mauris quis turpis vitae purus
Quinn Frazier,"Nov 8, 2022",12:38 PM,6,1,1,"-32.4677794816, 162.984136192","auctor, velit eget laoreet posuere,"
Dominique York,"Feb 16, 2024",2:19 PM,7,6,9,"37.4011387904, -128.15514624","mauris. Integer sem elit, pharetra"
Macon Miller,"Jun 15, 2024",7:20 PM,9,7,6,"51.7627129856, 153.4848028672",fringilla. Donec feugiat metus sit
Hope Quinn,"Mar 5, 2023",8:30 PM,3,4,2,"72.5053707264, 131.9556308992",Nulla facilisis. Suspendisse commodo tincidunt
Summer Hooper,"Jan 5, 2024",6:57 AM,2,8,7,"-84.5533643776, -141.811194368","semper erat, in consectetuer ipsum"
Amethyst Jacobson,"Dec 28, 2023",7:20 PM,1,7,4,"37.0945975296, -171.5421504512",orci luctus et ultrices posuere
Dustin Madden,"Nov 1, 2023",1:29 AM,6,1,5,"60.3335617536, 177.536313856",Phasellus at augue id ante
Jana Sykes,"Sep 9, 2022",12:18 AM,4,3,2,"-22.5436204032, -28.7051782144","facilisis, magna tellus faucibus leo,"
Pearl Baird,"Feb 29, 2024",9:32 PM,7,4,2,"31.462391808, -134.6242322432","leo elementum sem, vitae aliquam"
Barry Baxter,"Sep 1, 2023",7:45 AM,6,5,7,"-57.9050969088, -124.7251043328",neque venenatis lacus. Etiam bibendum
Indigo Molina,"Nov 19, 2023",8:58 AM,9,9,7,"47.3376937984, -121.8463261696",imperdiet ornare. In faucibus. Morbi
Jorden Schultz,"Aug 16, 2023",12:46 AM,5,3,7,"-72.1279538176, -134.8286977024",Sed eu nibh vulputate mauris
Giselle Fitzgerald,"Jun 1, 2024",8:26 AM,5,10,9,"12.4653696, -160.3486840832",mus. Proin vel nisl. Quisque
Janna Rodriquez,"Sep 29, 2023",11:49 PM,7,5,2,"-33.5309499392, -161.1437140992",ipsum primis in faucibus orci
Genevieve Rowland,"Aug 3, 2023",5:47 PM,0,0,3,"-64.3423488, 47.428736","a, magna. Lorem ipsum dolor"
Ryan Hampton,"Oct 12, 2022",4:39 PM,1,10,6,"36.9641721856, -60.57121792","in aliquet lobortis, nisi nibh"
Cruz Whitney,"Oct 30, 2023",5:37 AM,6,5,8,"-42.4332319744, 92.4273854464",aptent taciti sociosqu ad litora
Yasir Golden,"Sep 16, 2023",12:05 AM,1,8,7,"-11.1907300352, 92.7947250688",molestie tortor nibh sit amet
Harper Washington,"Jan 11, 2024",3:19 AM,2,4,8,"43.3852041216, -121.1866380288",Suspendisse eleifend. Cras sed leo.
Francis Logan,"Feb 1, 2023",12:43 PM,3,4,6,"-70.1999767552, -51.2738102272","sed, sapien. Nunc pulvinar arcu"
Hammett Webb,"Dec 22, 2023",7:42 PM,7,3,4,"-4.9561778176, 88.0655669248",et ultrices posuere cubilia Curae
John Luna,"Dec 12, 2023",7:07 PM,7,0,4,"69.7436007424, 128.9755385856","at, velit. Pellentesque ultricies dignissim"
Cullen Cain,"Jun 5, 2023",3:25 PM,8,9,6,"-26.7943025664, 40.9167499264",placerat. Cras dictum ultricies ligula.
Octavius Kelly,"Aug 10, 2023",6:47 PM,6,9,3,"-42.846969856, 100.6869481472",Curabitur massa. Vestibulum accumsan neque
Jelani Harper,"Jul 26, 2023",1:16 AM,8,1,6,"-2.4324492288, 93.7858702336",viverra. Maecenas iaculis aliquet diam.
Kane Dean,"Nov 15, 2022",11:54 AM,8,3,8,"11.6856861696, -177.0173181952","aliquet nec, imperdiet nec, leo."
Moses Mccullough,"Sep 1, 2023",11:10 AM,4,0,9,"89.2457686016, -7.2455482368",aliquet magna a neque. Nullam
Lance Woodard,"May 21, 2024",3:34 AM,2,6,5,"-44.7259111424, -82.9610374144","ipsum porta elit, a feugiat"
Peter Rutledge,"Jun 28, 2024",6:49 PM,6,5,8,"-3.2463849472, -7.7677961216","consectetuer, cursus et, magna. Praesent"
Cassandra Mason,"Oct 15, 2023",6:24 AM,1,10,1,"-2.5396171776, 98.8326657024",tortor at risus. Nunc ac
Colorado Cervantes,"Oct 7, 2023",2:46 AM,7,6,6,"-82.9231174656, -80.3538574336","non, dapibus rutrum, justo. Praesent"
Kessie Andrews,"Mar 29, 2024",1:45 PM,1,3,7,"-26.7237417984, -26.3282067456",mollis. Duis sit amet diam
Erica Pittman,"Feb 18, 2024",6:34 AM,0,5,6,"-8.6562511872, 122.3200674816",felis purus ac tellus. Suspendisse
Colin Allen,"Nov 2, 2023",8:58 PM,2,3,7,"16.0201147392, 84.5591330816",Donec at arcu. Vestibulum ante
Denise Beach,"Oct 24, 2023",4:22 PM,2,4,8,"20.4964087808, 9.1829566464",interdum libero dui nec ipsum.
Stacy Delacruz,"Dec 1, 2022",9:07 AM,2,10,5,"50.6806347776, 55.5921688576",vitae erat vel pede blandit
Katell Burris,"Aug 28, 2024",12:17 AM,10,9,4,"-17.5619545088, -130.494503424","vestibulum lorem, sit amet ultricies"
Kelly Wiggins,"Jul 18, 2023",2:37 AM,2,2,5,"13.9549321216, -5.0697411584",tempor erat neque non quam.
Dominic Solis,"May 28, 2024",3:52 PM,6,3,6,"78.3351858176, -142.9071468544",suscipit nonummy. Fusce fermentum fermentum
Amery Lott,"Dec 17, 2023",7:50 PM,5,8,8,"75.299255296, 151.5834996736",ridiculus mus. Proin vel arcu
Carl Manning,"Apr 6, 2024",7:14 PM,5,4,3,"23.0825821184, -34.7323923456","lacinia. Sed congue, elit sed"
Ralph Spears,"Dec 14, 2023",8:29 PM,5,5,1,"-47.7779923968, -28.5636770816","Suspendisse aliquet, sem ut cursus"
Rhea Barber,"Jun 18, 2023",8:23 AM,3,4,4,"-26.4260067328, -171.007472128",Suspendisse eleifend. Cras sed leo.
Ashely Calhoun,"Jun 1, 2023",8:51 AM,7,2,6,"72.5416753152, 128.2151891968","tempus, lorem fringilla ornare placerat,"
Yasir Aguilar,"Jul 2, 2023",7:35 AM,4,1,6,"-81.5810906112, 96.7914400768",In nec orci. Donec nibh.
Yoshio Short,"Apr 13, 2024",8:10 PM,4,7,4,"-73.9715940352, -48.9717638144","dictum cursus. Nunc mauris elit,"
Forrest Burgess,"May 22, 2024",10:22 PM,6,1,1,"-9.9535128576, -179.1097791488",dolor. Fusce feugiat. Lorem ipsum
Anne Silva,"Jan 13, 2023",10:54 PM,5,4,5,"69.025997824, -10.5728264192","eget, dictum placerat, augue. Sed"
Jenette Duke,"Mar 10, 2024",10:04 PM,10,7,6,"87.7658095616, -90.8550412288","consequat, lectus sit amet luctus"
David Garrett,"Feb 15, 2023",7:35 PM,3,7,4,"14.0688673792, -72.8047806464","vitae, erat. Vivamus nisi. Mauris"
Kathleen Fields,"Oct 16, 2023",11:50 PM,8,6,4,"-8.3965549568, -76.9367626752",ac arcu. Nunc mauris. Morbi
Eaton Mcbride,"Jan 9, 2023",10:41 AM,3,8,3,"1.116490752, 71.0796548096",nunc sed pede. Cum sociis
Maris Bowman,"Mar 30, 2024",5:56 AM,3,2,2,"-13.6562111488, 78.5947896832","mi enim, condimentum eget, volutpat"
Troy Avery,"Jul 9, 2023",6:31 PM,6,5,6,"-48.53437952, -50.717966848",tristique senectus et netus et
Adrienne Buck,"Nov 6, 2023",4:40 PM,4,9,10,"-28.5066589184, 170.4681773056","massa. Mauris vestibulum, neque sed"
Ivan Cunningham,"Aug 5, 2024",8:52 AM,10,1,4,"-80.1888124928, 43.7500607488",scelerisque neque sed sem egestas
Ina Pollard,"Jan 2, 2024",6:09 PM,1,3,2,"-72.2183062528, 77.9198477312","posuere vulputate, lacus. Cras interdum."
Ciara Rivera,"Jan 7, 2023",11:12 AM,8,0,6,"11.2164221952, -31.0672726016","dapibus id, blandit at, nisi."
Victoria Valencia,"Nov 11, 2023",9:33 PM,7,1,1,"14.37601536, -93.2925484032",scelerisque neque. Nullam nisl. Maecenas
Chase Copeland,"Aug 26, 2023",5:26 AM,1,1,1,"-40.2746633216, 126.7904693248",eget nisi dictum augue malesuada
Christian Garner,"Jun 14, 2024",1:10 PM,2,9,4,"61.8456495104, 63.6293756928",lectus. Cum sociis natoque penatibus
Lavinia Glass,"Jun 29, 2024",11:58 PM,2,10,2,"78.8108695552, -145.3354624",urna et arcu imperdiet ullamcorper.
Iona Calderon,"Jul 16, 2024",3:56 PM,7,9,5,"88.8996676608, 40.363123712","nibh. Phasellus nulla. Integer vulputate,"
Christopher Wynn,"Aug 14, 2024",11:27 PM,6,5,5,"53.390799872, -104.666786816",libero nec ligula consectetuer rhoncus.
Kai Hendricks,"Jul 5, 2023",3:35 PM,2,8,1,"-39.725993472, -168.0792127488",Nullam lobortis quam a felis
Shannon Adams,"Nov 28, 2023",6:40 PM,3,3,1,"-40.4202811392, 87.9419548672",vel quam dignissim pharetra. Nam
Kelly Stephenson,"Aug 17, 2024",7:57 AM,4,1,0,"16.2303332352, -170.9624031232",arcu eu odio tristique pharetra.
Veronica Farmer,"Mar 10, 2023",12:43 PM,2,3,5,"-83.5382443008, 106.4070552576","eleifend nec, malesuada ut, sem."
Joan Horn,"Apr 6, 2024",5:00 PM,2,9,7,"31.3418407936, -6.2159698944",dictum magna. Ut tincidunt orci
Tatiana Higgins,"Oct 16, 2022",10:49 AM,8,10,7,"-72.8597842944, -124.6548794368",eget metus. In nec orci.
Abra Collier,"Oct 16, 2023",7:44 AM,3,1,9,"-89.620703232, -152.6453066752","ultricies ornare, elit elit fermentum"
Remedios Berry,"Feb 18, 2023",3:19 PM,3,10,10,"15.6659115008, -140.2945197056",Vivamus molestie dapibus ligula. Aliquam
Holly Leonard,"May 23, 2024",10:15 PM,0,8,9,"-15.0148447232, -156.525640704",Maecenas malesuada fringilla est. Mauris
Melanie Craig,"Jan 14, 2023",4:53 PM,5,6,6,"-88.7463817216, 81.6303152128","Donec tempus, lorem fringilla ornare"
Vivien Lambert,"Aug 4, 2024",7:19 PM,7,2,5,"-33.2277629952, -40.2088958976","est, vitae sodales nisi magna"
Lunea Berger,"Sep 20, 2022",2:34 AM,0,3,5,"-76.1204647936, 87.5498497024",velit. Quisque varius. Nam porttitor
Xandra Gardner,"Aug 18, 2024",6:44 PM,8,8,2,"80.129037312, 111.334129664",Morbi metus. Vivamus euismod urna.
Reed Lawrence,"Sep 22, 2022",6:34 AM,2,6,4,"32.3001430016, -136.7731014656",nunc sed libero. Proin sed
Demetria Forbes,"Sep 14, 2023",2:02 AM,2,7,6,"-57.7686803456, 105.2214626304","amet, dapibus id, blandit at,"
Sierra Fuller,"Dec 7, 2022",4:17 PM,9,3,6,"45.6511826944, 64.0932251648",urna. Vivamus molestie dapibus ligula.
Angelica Hoffman,"Mar 18, 2024",7:53 PM,6,6,6,"-23.8689964032, 120.1380606976",dolor. Nulla semper tellus id
Heather Wiggins,"Jun 26, 2024",4:06 AM,9,1,7,"-25.2134252544, 129.36826112",arcu. Curabitur ut odio vel
Kieran Bentley,"Dec 10, 2022",2:23 AM,9,1,3,"-49.498097152, -44.8932703232",tristique pharetra. Quisque ac libero
Francis Price,"Mar 30, 2023",7:41 AM,4,8,3,"30.8255746048, -76.2106765312",amet ultricies sem magna nec
Petra Goff,"Apr 14, 2023",8:15 PM,4,2,3,"49.4902585344, -173.5858281472",tortor nibh sit amet orci.
Desiree Gilbert,"Jul 31, 2023",6:51 PM,0,1,3,"-73.8424375296, -146.6704007168",et netus et malesuada fames
Judah Ashley,"Sep 14, 2023",7:03 AM,4,2,4,"-89.8112899072, 161.9329166336","imperdiet nec, leo. Morbi neque"
Larissa Maxwell,"Dec 27, 2022",9:40 AM,6,7,4,"8.1040147456, -119.1517232128",quam a felis ullamcorper viverra.
Karleigh Alvarez,"Oct 12, 2023",3:16 AM,7,5,7,"80.8316946432, -104.6449005568","dictum eu, eleifend nec, malesuada"
Dante Joseph,"Feb 23, 2024",4:36 AM,5,1,6,"-43.3535794176, 169.1703298048",adipiscing. Mauris molestie pharetra nibh.
Alec Moore,"Sep 5, 2023",7:18 AM,2,8,0,"-87.8541523968, 43.9361926144",turpis. Nulla aliquet. Proin velit.
Kennan Daniels,"Apr 30, 2023",3:39 PM,6,5,8,"-25.4290028544, -96.5325809664","aliquam eu, accumsan sed, facilisis"
Mechelle Shannon,"Jul 10, 2024",7:56 AM,7,9,8,"-43.5845004288, 127.610336768",In tincidunt congue turpis. In
Rachel Hopper,"May 1, 2023",9:58 PM,3,5,2,"4.0821430272, -81.6916508672",sapien molestie orci tincidunt adipiscing.
Tana Little,"Nov 4, 2022",6:08 PM,10,3,2,"27.3697855488, 115.3622378496",ac turpis egestas. Fusce aliquet
Evan Odom,"Aug 9, 2023",10:26 PM,4,7,9,"34.6692840448, 135.5783721984",sapien molestie orci tincidunt adipiscing.
Shaine Trujillo,"Sep 21, 2023",10:00 PM,8,2,6,"-11.9762635776, -134.4528406528",auctor velit. Aliquam nisl. Nulla
Melodie Strong,"Nov 17, 2023",6:31 PM,9,3,1,"2.6905816064, 43.1495584768",vulputate velit eu sem. Pellentesque
Indira Murray,"Sep 21, 2023",11:21 AM,3,6,8,"31.2103640064, 165.187160576",adipiscing ligula. Aenean gravida nunc
Geoffrey Stout,"Nov 10, 2023",9:50 PM,6,1,6,"31.3873398784, -52.1938134016",feugiat metus sit amet ante.
Jaime Chandler,"Sep 21, 2023",12:15 PM,2,9,3,"21.6918787072, -83.202629632","at, libero. Morbi accumsan laoreet"
Alden Neal,"Feb 13, 2024",10:50 PM,8,2,3,"-29.9960855552, -84.9390281728",justo. Praesent luctus. Curabitur egestas
Joshua Meyers,"Sep 29, 2022",3:16 AM,3,0,8,"-28.1360295936, -80.5561596928","ac facilisis facilisis, magna tellus"
Tiger Albert,"Jan 5, 2023",2:24 AM,9,6,6,"-84.5618248704, -65.7861169152",mus. Aenean eget magna. Suspendisse
Acton Mckinney,"Aug 25, 2024",8:27 PM,2,5,6,"31.7535407104, 178.6195396608","aliquet nec, imperdiet nec, leo."
Abel Nguyen,"Jul 3, 2024",4:24 PM,4,8,1,"-78.680766976, 174.806383104","arcu iaculis enim, sit amet"
Wing Mercer,"Nov 18, 2022",6:05 AM,2,10,8,"-14.9832455168, -20.0527648768","pharetra ut, pharetra sed, hendrerit"
Maryam Casey,"Mar 6, 2024",11:23 PM,2,5,6,"31.238273024, 172.9124713472",tincidunt congue turpis. In condimentum.
Brenna Mills,"Mar 25, 2023",9:37 PM,4,3,0,"-40.8013297664, 44.779921408","mauris, rhoncus id, mollis nec,"
Emma Bond,"Jul 31, 2024",8:34 PM,7,9,2,"21.337850368, 70.5073030144",Proin mi. Aliquam gravida mauris
Amena Leon,"Oct 31, 2023",12:05 PM,8,6,6,"31.7985174528, -101.6260990976",Etiam vestibulum massa rutrum magna.
Jocelyn Brady,"Jun 24, 2023",5:53 PM,3,0,5,"-63.7771106304, -96.971086336",pharetra. Nam ac nulla. In
Candace Logan,"Dec 23, 2022",12:16 PM,7,8,8,"-37.801846784, -13.8016412672","ante lectus convallis est, vitae"
Theodore Warner,"Jul 12, 2024",4:59 PM,1,4,3,"75.8354724864, 147.4071222272",urna. Nullam lobortis quam a
Melodie Lambert,"Apr 3, 2023",1:11 PM,3,2,4,"-44.5844021248, -17.4563764224",pellentesque. Sed dictum. Proin eget
Judah Tate,"May 4, 2023",8:09 PM,3,10,6,"84.184352256, 22.6514074624","Fusce aliquam, enim nec tempus"
Darrel Payne,"Sep 9, 2023",10:34 PM,0,9,1,"-12.8229884928, 126.2028931072",Morbi vehicula. Pellentesque tincidunt tempus
Jelani Jackson,"Nov 16, 2022",11:34 AM,10,2,9,"55.8586739712, -28.2441449472","mattis ornare, lectus ante dictum"
Amelia Blankenship,"Apr 26, 2023",7:14 AM,8,8,5,"42.4785865728, -144.8001348608","auctor, nunc nulla vulputate dui,"
Nathaniel Rios,"Mar 14, 2023",12:01 PM,4,7,2,"41.8693151744, 157.7104144384","sollicitudin a, malesuada id, erat."
Kelly Daniels,"Sep 18, 2023",8:41 AM,6,7,9,"41.7643618304, 108.3889425408",semper cursus. Integer mollis. Integer
Colleen Nielsen,"Mar 14, 2024",8:06 PM,8,8,1,"-17.8641058816, -161.2958096384",pede et risus. Quisque libero
Griffin Young,"Dec 11, 2023",6:51 PM,4,1,10,"80.402195968, 44.7837965312","eleifend nec, malesuada ut, sem."
Oliver Browning,"May 7, 2024",1:30 PM,6,4,7,"-0.0785856512, 102.6892271616",id ante dictum cursus. Nunc
Castor Dillon,"Nov 20, 2022",4:38 AM,2,3,5,"71.1660547072, 12.4407825408",dui. Cras pellentesque. Sed dictum.
Dustin Mercado,"Sep 20, 2023",4:24 PM,1,5,3,"31.4344658944, -38.3019646976",pede. Cum sociis natoque penatibus
Lani Garrett,"Aug 19, 2024",10:53 AM,2,8,8,"-8.052432384, 9.0793124864","magnis dis parturient montes, nascetur"
Penelope Clay,"Sep 28, 2023",2:42 PM,5,3,10,"46.8396727296, 16.2484081664","ac, fermentum vel, mauris. Integer"
Odessa Becker,"Mar 20, 2024",3:49 PM,0,6,10,"79.6536306688, 57.861917184",ad litora torquent per conubia
Chaney Kidd,"Feb 1, 2023",5:51 PM,2,9,9,"-5.3554028544, -47.7215212544","amet, risus. Donec nibh enim,"
Bert Beasley,"Feb 5, 2023",1:23 PM,1,6,6,"-85.7851656192, 83.7959829504","nibh. Donec est mauris, rhoncus"
Kermit Harrington,"Dec 9, 2023",1:37 AM,9,4,9,"-48.1759056896, 60.6641396736",Cras vehicula aliquet libero. Integer
Dawn Massey,"Apr 29, 2023",7:42 AM,8,3,4,"-22.9300211712, 19.8942041088","ac, feugiat non, lobortis quis,"
Berk Clark,"Nov 3, 2022",9:04 AM,3,6,4,"41.766569984, 37.7203960832",pede blandit congue. In scelerisque
Oliver Rosales,"Jan 30, 2023",7:45 PM,1,10,3,"-70.5725914112, 20.1137091584","dictum placerat, augue. Sed molestie."
Hu Meyers,"Jun 30, 2024",1:26 AM,8,1,6,"16.2799159296, 51.3410891776",dictum. Proin eget odio. Aliquam
Susan Durham,"Jan 22, 2024",12:30 AM,5,3,6,"-43.465424896, 7.533786112",ipsum. Phasellus vitae mauris sit
Vielka Sanford,"Sep 11, 2023",3:54 AM,7,8,0,"61.7647075328, 94.0693377024","egestas a, scelerisque sed, sapien."
Levi Silva,"Jan 9, 2023",4:51 PM,2,3,5,"75.9339743232, 65.2866010112",sit amet diam eu dolor
Amir Miller,"Feb 7, 2023",10:13 AM,9,6,0,"-85.37134848, -77.8258136064",vel arcu eu odio tristique
Wyoming Aguilar,"Jul 15, 2023",3:12 AM,6,7,8,"-85.710356992, 72.6439545856",convallis ligula. Donec luctus aliquet
Wang Nicholson,"May 23, 2023",8:57 AM,7,8,5,"4.3097135104, -170.6952787968",Sed et libero. Proin mi.
Lilah Singleton,"Jun 24, 2024",1:04 AM,4,6,7,"-28.0207169536, -165.4669699072",non dui nec urna suscipit
Todd Oneal,"Feb 16, 2023",4:32 AM,1,10,8,"46.1645847552, -161.487186944",ultricies ligula. Nullam enim. Sed
Silas Mathis,"Nov 3, 2023",10:40 AM,3,9,4,"-10.1066820608, -16.4618187776",nulla. In tincidunt congue turpis.
Keane Weber,"Sep 5, 2022",5:31 AM,5,2,10,"-4.326582784, -151.0861863936",lectus pede et risus. Quisque
Steel Kinney,"Nov 30, 2023",8:51 PM,5,5,1,"-47.1768126464, -10.3729857536","parturient montes, nascetur ridiculus mus."
Cheryl Rasmussen,"Aug 12, 2023",11:41 AM,10,4,9,"-79.982308864, -25.9839531008","enim, gravida sit amet, dapibus"
Melinda Joyce,"May 15, 2023",11:10 PM,4,7,8,"-68.207352832, 60.8560971776",risus. Nulla eget metus eu
Violet Cooley,"Jun 7, 2023",10:25 PM,6,3,10,"2.06755584, -178.5138895872","non, lacinia at, iaculis quis,"
Nerea Rush,"Mar 18, 2024",8:08 AM,5,8,3,"-17.0771530752, -76.2176437248",eu neque pellentesque massa lobortis
Rachel David,"Feb 24, 2024",6:52 AM,5,3,2,"84.0923613184, 26.2709814272","pellentesque a, facilisis non, bibendum"
Ciara Hartman,"Jun 21, 2023",1:24 AM,2,2,10,"-58.1809191936, 134.5640518656",faucibus orci luctus et ultrices
Lamar Phelps,"Aug 9, 2023",6:56 AM,2,7,10,"-34.7784706048, 104.8897011712","Maecenas mi felis, adipiscing fringilla,"
Chancellor Hoover,"Apr 26, 2023",5:16 AM,6,5,8,"-43.7731345408, 107.3985915904",sodales nisi magna sed dui.
Jermaine Farley,"May 27, 2024",10:02 PM,9,10,1,"19.5695178752, -87.8129412096","adipiscing elit. Aliquam auctor, velit"
Bert Summers,"May 8, 2024",3:43 AM,4,7,7,"1.4866639872, -150.2431038464",ornare egestas ligula. Nullam feugiat
Irma Love,"Nov 24, 2023",11:10 AM,7,3,2,"71.4841952256, 136.1567700992","magnis dis parturient montes, nascetur"
Kalia Garrison,"Aug 31, 2023",9:26 AM,1,1,2,"-86.1138920448, -29.8860814336","dictum cursus. Nunc mauris elit,"
Harding Howe,"Oct 4, 2023",8:35 AM,1,3,2,"-63.0552150016, 157.1830424576",ligula. Aenean euismod mauris eu
Mufutau Wright,"Aug 30, 2024",9:04 PM,9,4,7,"53.035121664, 76.6183230464","odio, auctor vitae, aliquet nec,"
Hammett Cantu,"Feb 11, 2024",5:28 AM,5,2,9,"25.9667577856, 51.923990528",eget ipsum. Suspendisse sagittis. Nullam
Yael Craft,"Nov 15, 2023",3:56 AM,4,4,8,"23.7956200448, -70.0873690112",interdum. Sed auctor odio a
Lane Lee,"Sep 21, 2023",6:42 AM,2,2,10,"-39.2211673088, -171.9566344192",nonummy ipsum non arcu. Vivamus
Simone Sanford,"Nov 9, 2023",12:16 AM,7,7,7,"21.7244270592, 31.3781787648","ultricies adipiscing, enim mi tempor"
Sara Vance,"Feb 7, 2023",12:14 AM,6,10,8,"48.7817682944, -1.4791857152","tincidunt, nunc ac mattis ornare,"
Valentine Morales,"May 31, 2023",12:03 PM,4,10,3,"6.4016044032, 15.686547456",Suspendisse tristique neque venenatis lacus.
Emily Nichols,"Aug 27, 2024",2:02 PM,7,3,9,"26.2273934336, -69.694633984",metus facilisis lorem tristique aliquet.
Nolan Moore,"Aug 20, 2024",2:29 AM,7,5,8,"6.281693696, -172.1378930688",eu arcu. Morbi sit amet
Avye Johnson,"Apr 4, 2024",3:01 PM,3,5,4,"-20.1951485952, 88.240741888",mauris blandit mattis. Cras eget
Branden Molina,"May 25, 2024",2:23 PM,5,8,7,"0.701110272, -20.0972292096","tortor, dictum eu, placerat eget,"
Hakeem Frazier,"Mar 5, 2024",3:41 AM,8,3,9,"-76.0297296896, -177.2647488512",mi fringilla mi lacinia mattis.
Adara Alvarez,"May 28, 2024",1:22 AM,8,7,10,"-62.6179155968, -140.0289963008","purus. Maecenas libero est, congue"
Leroy Branch,"Jan 19, 2024",8:34 AM,5,3,1,"13.6334446592, 125.5212515328",ut quam vel sapien imperdiet
Dorothy Frederick,"Oct 24, 2022",12:42 AM,5,5,1,"37.2947874816, -100.454743552","eleifend, nunc risus varius orci,"
Salvador Boone,"Nov 6, 2022",11:30 PM,6,6,6,"57.9450525696, -31.0959981568","scelerisque sed, sapien. Nunc pulvinar"
Camden Gibbs,"Oct 6, 2023",8:31 AM,7,1,1,"-2.07600384, -50.7872951296","diam nunc, ullamcorper eu, euismod"
Ebony Burks,"Apr 18, 2024",11:35 AM,3,8,10,"69.0860565504, -81.8183407616","Sed congue, elit sed consequat"
Joelle Nash,"Sep 1, 2023",2:37 PM,0,9,8,"87.057983488, -115.654167552","tempor lorem, eget mollis lectus"
Isadora Juarez,"Aug 25, 2024",9:40 PM,8,9,7,"50.5135538176, -10.8713527296","Nunc lectus pede, ultrices a,"
Germaine Bullock,"Dec 1, 2022",6:26 PM,8,3,4,"-8.5211579392, 129.3115201536",Pellentesque habitant morbi tristique senectus
Galvin Steele,"Mar 24, 2024",5:48 PM,3,5,8,"-57.7740447744, 178.847605248","adipiscing elit. Etiam laoreet, libero"
Emery Young,"Feb 13, 2023",10:46 PM,5,1,8,"-5.6847284224, -97.9854481408","amet, faucibus ut, nulla. Cras"
Hermione Simpson,"Dec 24, 2023",10:28 AM,6,8,9,"-36.2891487232, 53.2097714176","mollis. Phasellus libero mauris, aliquam"
Elmo Hale,"Oct 20, 2023",11:28 PM,3,3,8,"-9.3990352896, -37.7016129536","mauris, rhoncus id, mollis nec,"
Maile Allen,"Dec 28, 2022",7:26 PM,1,3,7,"-40.39473664, 48.865625088","feugiat non, lobortis quis, pede."
Christine Bolton,"Jun 24, 2024",2:30 PM,5,1,4,"-37.7257549824, 178.896336896","at pretium aliquet, metus urna"
Darius Silva,"Oct 15, 2023",4:55 AM,8,1,1,"-32.5667835904, 38.7370656768",metus vitae velit egestas lacinia.
Tyler Drake,"Aug 24, 2023",7:13 PM,9,6,10,"-61.1711322112, 68.9389167616","orci quis lectus. Nullam suscipit,"
Aidan Patton,"Oct 20, 2023",11:57 PM,7,0,8,"-58.0668473344, 63.5714270208","nec, malesuada ut, sem. Nulla"
Logan Gray,"Jul 26, 2023",2:30 PM,9,5,8,"-48.9429082112, 154.4555587584","est ac mattis semper, dui"
Ashton Ingram,"Oct 27, 2022",8:31 AM,9,6,3,"22.1410194432, -156.1988406272",mattis velit justo nec ante.
Charles Lynn,"Sep 29, 2023",1:15 PM,4,7,8,"-85.505573376, 80.191748608",condimentum. Donec at arcu. Vestibulum
Indigo Hooper,"Jul 26, 2023",7:54 PM,10,7,6,"-57.7218021376, 52.205438976",Morbi sit amet massa. Quisque
Barry Matthews,"Sep 13, 2023",6:37 PM,4,7,10,"48.472809472, -169.599443456",consequat dolor vitae dolor. Donec
Abbot Wall,"Aug 24, 2023",7:22 PM,8,9,4,"-14.8948624384, 66.2542196736",quam. Curabitur vel lectus. Cum
Justin Delgado,"Nov 26, 2022",4:03 PM,9,3,10,"19.9967251456, 55.1356964864","quis accumsan convallis, ante lectus"
Jamal Taylor,"Apr 20, 2023",12:10 AM,5,3,9,"87.3400000512, -4.8275864576","tristique pellentesque, tellus sem mollis"
Castor Marshall,"Oct 16, 2022",1:19 PM,4,2,5,"-8.305701376, 149.5977248768",massa rutrum magna. Cras convallis
Yuli Cross,"Nov 11, 2023",6:43 AM,3,3,7,"-60.9455008768, 25.5974780928",enim. Etiam imperdiet dictum magna.
Castor Rivas,"Dec 7, 2023",9:57 PM,0,9,4,"-75.3776219136, 171.5824487424","gravida sit amet, dapibus id,"
Mara William,"Dec 21, 2022",4:53 PM,7,5,6,"33.9005126656, 2.2022938624",faucibus. Morbi vehicula. Pellentesque tincidunt
Blossom Reyes,"Jan 11, 2023",7:09 PM,4,3,5,"-7.8937089024, 120.4436417536",erat. Vivamus nisi. Mauris nulla.
Willa Alston,"Jan 18, 2023",7:50 AM,1,6,1,"63.4992182272, -94.8576252928","Phasellus libero mauris, aliquam eu,"
Yasir Watts,"Aug 16, 2024",1:29 PM,7,4,9,"-32.591061504, -108.4115381248","Donec est mauris, rhoncus id,"
Stewart Glass,"May 5, 2023",9:11 PM,2,6,7,"-32.4630326272, -113.3664543744","metus. In lorem. Donec elementum,"
Maggie Morse,"Oct 3, 2023",3:57 AM,9,6,4,"-53.2301181952, -120.3191090176",Ut tincidunt vehicula risus. Nulla
Zephr Strong,"Feb 20, 2023",12:36 AM,2,4,2,"40.0952952832, 176.6523292672",ullamcorper. Duis at lacus. Quisque
Amal Moreno,"May 13, 2024",1:43 PM,4,4,5,"-80.4511295488, 67.6443053056",porttitor interdum. Sed auctor odio
Barry Vega,"Sep 21, 2022",9:28 AM,9,2,5,"-88.9429137408, 91.894754816",dictum magna. Ut tincidunt orci
Angela Farmer,"Jul 7, 2024",11:49 AM,5,0,0,"-6.3402274816, 72.5933812736","a, magna. Lorem ipsum dolor"
Lucas Galloway,"May 13, 2024",9:40 AM,6,9,9,"-61.1059767296, 30.9177141248",condimentum. Donec at arcu. Vestibulum
Scarlet Rowe,"Nov 18, 2023",1:27 AM,4,2,1,"5.5393369088, 151.854154752","ipsum dolor sit amet, consectetuer"
Jordan Boyd,"Nov 15, 2022",11:14 AM,8,6,3,"-53.5056651264, 179.1472196608",et netus et malesuada fames
Sasha Freeman,"May 26, 2024",10:41 AM,3,0,7,"1.1864403968, -77.35360256","at auctor ullamcorper, nisl arcu"
Liberty Alvarez,"Mar 15, 2024",9:34 AM,2,4,1,"-17.5868051456, -38.6239131648",arcu vel quam dignissim pharetra.
Orson Kramer,"Dec 2, 2022",7:08 AM,6,6,5,"1.822726144, 7.4846459904","fermentum vel, mauris. Integer sem"
Noelle Fischer,"Sep 2, 2023",7:26 AM,9,5,1,"43.8849353728, -62.7623810048",erat volutpat. Nulla facilisis. Suspendisse
Orlando Hewitt,"Jan 15, 2023",2:25 AM,6,6,7,"65.3401208832, -156.0509412352","sem semper erat, in consectetuer"
Piper Craig,"Dec 23, 2023",3:07 AM,4,2,3,"63.4465609728, -67.2269988864",mattis velit justo nec ante.
Nevada Spencer,"Aug 22, 2024",2:24 AM,8,4,4,"-16.3187803136, 73.9928930304","mi pede, nonummy ut, molestie"
Martena Hernandez,"Dec 5, 2023",5:21 AM,6,3,10,"-85.0744669184, 157.2175858688",orci sem eget massa. Suspendisse
Melodie Bolton,"Jan 3, 2024",7:50 AM,5,5,4,"-35.1860466688, 39.091037184",justo sit amet nulla. Donec
Vivien Kinney,"Dec 9, 2023",2:49 AM,3,9,3,"38.6729038848, -179.8986764288","nisl arcu iaculis enim, sit"
Olivia Hale,"Jul 5, 2024",7:29 AM,2,4,1,"-28.5717291008, -60.1617496064",pede et risus. Quisque libero
Myles Cote,"Sep 16, 2023",6:47 PM,9,0,9,"-85.8082098176, -158.2347748352","consequat nec, mollis vitae, posuere"
Madison Maynard,"Jan 5, 2023",12:35 AM,2,7,7,"14.0966214656, -172.6237664256",in consectetuer ipsum nunc id
Kiayada Ryan,"Nov 17, 2023",10:43 PM,0,2,1,"-46.4518813696, -166.2228816896",justo. Proin non massa non
Colin Harper,"Jul 1, 2024",8:04 PM,1,6,2,"-11.3675579392, 8.2204627968","dolor sit amet, consectetuer adipiscing"
Ian Dalton,"Jul 28, 2024",10:50 AM,6,10,8,"22.3588883456, -25.7231434752",eu enim. Etiam imperdiet dictum
Brynn Dorsey,"Aug 4, 2024",12:01 PM,2,8,8,"16.2344399872, 172.7361563648",placerat velit. Quisque varius. Nam
Lynn Singleton,"Nov 25, 2022",6:46 AM,1,0,7,"-73.3575839744, -177.6892418048",Mauris magna. Duis dignissim tempor
Shaine Hewitt,"Aug 11, 2024",12:04 AM,3,8,6,"-52.2489398272, 95.4858328064","lectus quis massa. Mauris vestibulum,"
Sasha Daniel,"Jun 8, 2024",1:09 PM,6,1,1,"-71.0984189952, -31.3853139968","Quisque imperdiet, erat nonummy ultricies"
Timothy Barton,"May 9, 2023",4:09 PM,4,5,0,"65.281875968, -0.6791591936",ridiculus mus. Proin vel arcu
Adena Waters,"May 9, 2024",10:31 PM,8,0,3,"39.380987392, 147.0630730752",felis. Nulla tempor augue ac
Christen Thompson,"May 20, 2024",9:53 PM,1,2,6,"-52.3347314688, -63.6872323072",eros. Nam consequat dolor vitae
Callum Dawson,"Nov 29, 2022",5:56 AM,6,7,7,"63.6264896512, 32.4923418624",Duis a mi fringilla mi
Damian Ball,"Jan 10, 2024",7:14 PM,1,2,2,"-74.7703641088, 107.7980079104","Lorem ipsum dolor sit amet,"
Amos Powers,"May 9, 2024",4:06 AM,4,9,7,"-67.6851576832, 156.3661599744",dictum. Proin eget odio. Aliquam
Hyatt King,"Jun 22, 2023",11:41 PM,0,3,3,"52.6416714752, -31.8882914304",gravida. Praesent eu nulla at
Guy Hill,"Apr 19, 2023",12:23 AM,6,3,10,"-37.9155446784, -161.2231646208","lorem ut aliquam iaculis, lacus"
Callie Lowe,"Feb 25, 2024",1:03 PM,4,1,3,"-44.9097980928, -99.59615744","eu, accumsan sed, facilisis vitae,"
Rahim Love,"Mar 13, 2023",2:10 AM,8,5,9,"56.3501522944, 53.9274870784",ante. Vivamus non lorem vitae
Declan Hawkins,"Jan 17, 2023",8:06 PM,6,9,1,"-18.436112384, -75.9850651648","orci, in consequat enim diam"
Salvador Leonard,"Jan 11, 2023",8:43 PM,6,7,4,"1.1002742784, 25.2564098048","sit amet, faucibus ut, nulla."
Rina Mcintosh,"Dec 25, 2023",9:22 AM,10,7,1,"10.8501916672, 175.263402496","ligula tortor, dictum eu, placerat"
Alexis Good,"Nov 4, 2023",1:31 PM,5,8,0,"63.4608897024, -129.3019951104","tempus, lorem fringilla ornare placerat,"
Hope Christensen,"Sep 4, 2022",1:05 AM,7,4,1,"-6.0538907648, -108.09377792",scelerisque dui. Suspendisse ac metus
Cedric Gordon,"Jul 4, 2023",6:47 PM,3,1,2,"84.5936487424, -73.7496282112",Phasellus at augue id ante
Declan Francis,"Sep 20, 2022",4:10 PM,5,4,6,"15.1679760384, -26.5410965504",erat. Etiam vestibulum massa rutrum
Claudia Kirby,"Mar 18, 2023",1:04 AM,1,3,1,"52.9928326144, 87.511193088","aliquet odio. Etiam ligula tortor,"
Fay Flores,"Jun 1, 2023",3:12 PM,4,1,10,"79.839107072, 34.3213314048",Proin mi. Aliquam gravida mauris
Rafael Powers,"Feb 21, 2024",6:15 PM,2,6,9,"26.5556596736, -164.5439535104",metus. In nec orci. Donec
Morgan Bridges,"Nov 30, 2022",2:19 PM,3,3,6,"82.1070132224, 144.6165403648",aliquet molestie tellus. Aenean egestas
Owen Frost,"Feb 19, 2023",4:56 AM,3,4,6,"19.5228327936, -54.5266581504",a felis ullamcorper viverra. Maecenas
Zia Key,"Jul 2, 2024",8:58 PM,5,2,7,"41.539378176, -123.4068073472",Donec at arcu. Vestibulum ante
Michelle Murray,"Apr 7, 2024",11:43 AM,8,10,0,"-64.2554409984, -60.0474149888",scelerisque neque. Nullam nisl. Maecenas
Ashton Waller,"Jul 10, 2024",4:49 AM,1,1,5,"16.1570410496, 23.7440668672",facilisi. Sed neque. Sed eget
Patience Wilkinson,"Aug 1, 2024",9:35 AM,4,6,10,"-60.899574272, 85.0057322496","malesuada vel, venenatis vel, faucibus"
Alika King,"Oct 15, 2023",3:22 PM,3,6,4,"82.1538270208, -57.4886771712",dignissim tempor arcu. Vestibulum ut
Linda Mclean,"Sep 26, 2023",1:48 AM,3,6,9,"-3.945943552, -20.064428032","auctor, nunc nulla vulputate dui,"
Zephania Bray,"Jul 24, 2024",7:23 AM,6,3,7,"-22.343725568, -91.0792026112","libero mauris, aliquam eu, accumsan"
Vladimir Pratt,"Mar 13, 2024",7:17 PM,9,9,9,"-6.9126785024, -29.6373444608","vulputate, posuere vulputate, lacus. Cras"
Wyatt Webster,"Nov 2, 2022",2:36 AM,8,7,4,"-79.6402829312, -6.94225408",dolor. Nulla semper tellus id
Galena Hendricks,"Jun 22, 2024",4:55 AM,9,4,10,"-1.2120209408, -75.0966160384","adipiscing elit. Aliquam auctor, velit"
Kenyon Hoover,"Jan 16, 2023",8:14 AM,4,7,5,"13.744610816, -126.4629567488",malesuada fames ac turpis egestas.
Pearl Rose,"Dec 30, 2022",9:13 AM,1,9,5,"-89.5764246528, -64.2249472",erat neque non quam. Pellentesque
Mason Saunders,"May 19, 2024",11:44 PM,7,9,3,"-23.1301599232, 102.7677514752","sit amet, risus. Donec nibh"
Holmes Vazquez,"Dec 8, 2023",5:24 AM,9,7,0,"-13.1104794624, 48.7126016","est ac facilisis facilisis, magna"
Rajah Solomon,"Dec 15, 2023",7:22 PM,10,6,1,"15.5702966272, -165.88874496",sed orci lobortis augue scelerisque
Latifah Williamson,"Aug 25, 2024",9:48 AM,2,5,2,"-60.9676286976, -94.7427926016",sed sem egestas blandit. Nam
Ciara Franklin,"Aug 21, 2024",5:12 AM,10,2,2,"3.6813018112, -36.7105690624","vitae, aliquet nec, imperdiet nec,"
Maisie Montgomery,"Sep 18, 2023",3:15 AM,3,2,8,"52.8850372608, 56.6903472128","nisi sem semper erat, in"
Jael Stewart,"Dec 20, 2022",1:46 AM,2,0,3,"89.9097619456, 10.0651583488",pellentesque. Sed dictum. Proin eget
Zeus Atkinson,"Aug 3, 2023",4:45 PM,6,3,1,"66.6682042368, 56.8980046848","aliquet, sem ut cursus luctus,"
Hashim Jackson,"Sep 13, 2023",9:36 PM,9,9,1,"-38.5190803456, -12.5038879744",ac turpis egestas. Fusce aliquet
Illana Kramer,"Mar 6, 2023",8:42 AM,5,3,2,"-12.9910658048, 98.3237489664",orci luctus et ultrices posuere
Vladimir Sanders,"Oct 27, 2022",6:29 AM,8,7,8,"54.4053164032, 2.0801120256",vitae odio sagittis semper. Nam
Basil Lane,"Feb 29, 2024",7:43 AM,4,9,9,"-55.892100608, 19.4356921344",Nulla facilisis. Suspendisse commodo tincidunt
Vincent Lindsey,"May 13, 2024",7:32 AM,3,0,4,"51.5248698368, 64.7653787648","scelerisque sed, sapien. Nunc pulvinar"
Evan Baldwin,"Nov 24, 2023",3:23 PM,6,7,8,"73.142357504, 156.733807104",Nunc sollicitudin commodo ipsum. Suspendisse
Martin Strong,"Mar 17, 2023",2:47 AM,9,9,9,"64.5299096576, -81.1847581696",neque. Sed eget lacus. Mauris
Britanney Delaney,"Jan 31, 2023",8:29 PM,2,4,1,"-60.4012091392, 133.7563267072",Proin sed turpis nec mauris
